Workbook

Sheet Datos
A1: pag | B1: id | C1: precio_base | D1: redondea | E1: precio_venta | F1: precio_venta | G1: len | I1: ID | J1: precio_venta
A2: 8 | B2: 1279040 | C2: 229 | D2: =ROUND(C2,-1) | E2: =ROUND(IF(C2<200,ROUND(C2,-1)*1.5,C2+VLOOKUP(C2,Tabulador!$A:$C,3,1)),-1) | F2: 360 | G2: =LEN(B2) | I2: 1279040 | J2: 360
A3: 8 | B3: 1279050 | C3: 229 | D3: =ROUND(C3,-1) | E3: =ROUND(IF(C3<200,ROUND(C3,-1)*1.5,C3+VLOOKUP(C3,Tabulador!$A:$C,3,1)),-1) | F3: 360 | G3: =LEN(B3) | I3: 1279050 | J3: 360
A4: 9 | B4: 1279048 | C4: 229 | D4: =ROUND(C4,-1) | E4: =ROUND(IF(C4<200,ROUND(C4,-1)*1.5,C4+VLOOKUP(C4,Tabulador!$A:$C,3,1)),-1) | F4: 360 | G4: =LEN(B4) | I4: 1279048 | J4: 360
A5: 9 | B5: 1279049 | C5: 229 | D5: =ROUND(C5,-1) | E5: =ROUND(IF(C5<200,ROUND(C5,-1)*1.5,C5+VLOOKUP(C5,Tabulador!$A:$C,3,1)),-1) | F5: 360 | G5: =LEN(B5) | I5: 1279049 | J5: 360
A6: 10 | B6: 1279052 | C6: 229 | D6: =ROUND(C6,-1) | E6: =ROUND(IF(C6<200,ROUND(C6,-1)*1.5,C6+VLOOKUP(C6,Tabulador!$A:$C,3,1)),-1) | F6: 360 | G6: =LEN(B6) | I6: 1279052 | J6: 360
A7: 10 | B7: 1279051 | C7: 229 | D7: =ROUND(C7,-1) | E7: =ROUND(IF(C7<200,ROUND(C7,-1)*1.5,C7+VLOOKUP(C7,Tabulador!$A:$C,3,1)),-1) | F7: 360 | G7: =LEN(B7) | I7: 1279051 | J7: 360
A8: 12 | B8: 1269584 | C8: 389 | D8: =ROUND(C8,-1) | E8: =ROUND(IF(C8<200,ROUND(C8,-1)*1.5,C8+VLOOKUP(C8,Tabulador!$A:$C,3,1)),-1) | F8: 520 | G8: =LEN(B8) | I8: 1269584 | J8: 520
A9: 13 | B9: 1269583 | C9: 359 | D9: =ROUND(C9,-1) | E9: =ROUND(IF(C9<200,ROUND(C9,-1)*1.5,C9+VLOOKUP(C9,Tabulador!$A:$C,3,1)),-1) | F9: 490 | G9: =LEN(B9) | I9: 1269583 | J9: 490
A10: 14 | B10: 1271735 | C10: 269 | D10: =ROUND(C10,-1) | E10: =ROUND(IF(C10<200,ROUND(C10,-1)*1.5,C10+VLOOKUP(C10,Tabulador!$A:$C,3,1)),-1) | F10: 400 | G10: =LEN(B10) | I10: 1271735 | J10: 400
A11: 15 | B11: 1271736 | C11: 269 | D11: =ROUND(C11,-1) | E11: =ROUND(IF(C11<200,ROUND(C11,-1)*1.5,C11+VLOOKUP(C11,Tabulador!$A:$C,3,1)),-1) | F11: 400 | G11: =LEN(B11) | I11: 1271736 | J11: 400
A12: 15 | B12: 1271737 | C12: 269 | D12: =ROUND(C12,-1) | E12: =ROUND(IF(C12<200,ROUND(C12,-1)*1.5,C12+VLOOKUP(C12,Tabulador!$A:$C,3,1)),-1) | F12: 400 | G12: =LEN(B12) | I12: 1271737 | J12: 400
A13: 16 | B13: 1269600 | C13: 209 | D13: =ROUND(C13,-1) | E13: =ROUND(IF(C13<200,ROUND(C13,-1)*1.5,C13+VLOOKUP(C13,Tabulador!$A:$C,3,1)),-1) | F13: 340 | G13: =LEN(B13) | I13: 1269600 | J13: 340
... A102: 77 | B102: 1266581 | C102: 289 | D102: =ROUND(C102,-1) | E102: =ROUND(IF(C102<200,ROUND(C102,-1)*1.5,C102+VLOOKUP(C102,Tabulador!$A:$C,3,1)),-1) | F102: 420 | G102: =LEN(B102) | I102: 1266581 | J102: 420

Sheet Tabulador
A1: desde | B1: hasta | C1: sumar
A2: 0 | B2: 199 | C2: 0.5
A3: 200 | B3: 399 | C3: 130
A4: 400 | B4: 599 | C4: 170
A5: 600 | B5: 799 | C5: 210
A6: 800 | B6: 999 | C6: 250
A7: 1000 | B7: 1199 | C7: 290
A8: 1200 | B8: 1399 | C8: 330
A9: 1400 | B9: 1599 | C9: 360
A10: 1600 | B10: 1799 | C10: 390
A11: 1800 | B11: 1999 | C11: 420
A12: 2000 | B12: 2199 | C12: 450
A13: 2200 | B13: 2499 | C13: 480
... A31: 7600 | B31: 7899 | C31: 1000
